<core:FragmentDefinition
	xmlns="sap.m"
    xmlns:form="sap.ui.layout.form"
	xmlns:core="sap.ui.core">
    <Dialog
        contentHeight="100%"
        contentWidth="85%"
        showHeader="false">
        <subHeader>
            <OverflowToolbar>
                <ObjectStatus
                    state="Information"
                    text="{vale}"
                    title="Vale Nro. "
                />
            </OverflowToolbar>
        </subHeader>
        <content>
            <IconTabBar
                selectedKey="01">
                <items>
                    <IconTabFilter
                        icon="sap-icon://form"
                        key="01">
                        <content>
                            <form:Form editable="true">
                                <form:formContainers>
                                    <form:FormContainer>
                                        <form:formElements>
                                            <!-- <form:FormElement>
                                                <form:label>
                                                    <Label text="Vale" />
                                                </form:label>
                                                <form:fields>
                                                    <Input value="{DATOSMAESTRO>NRVVI}" editable="false" />
                                                </form:fields>
                                            </form:FormElement> -->

                                            <form:FormElement>
                                                <form:label>
                                                    <Label text="Temporada"/>
                                                </form:label>
                                                <form:fields>
                                                    <Input value="{DSTPO}" editable="false" />
                                                </form:fields>
                                            </form:FormElement>
                                            <form:FormElement>
                                                <form:label>
                                                    <Label text="Fecha de creación"/>
                                                </form:label>
                                                <form:fields>
                                                    <Input value="{FCVVI}" editable="false" />
                                                </form:fields>
                                            </form:FormElement>
                                            <form:FormElement>
                                                <form:label>
                                                    <Label text="Estado de registro" />
                                                </form:label>
                                                <form:fields>
                                                    <Input value="{DESC_ESVVI}" editable="false" />
                                                </form:fields>
                                            </form:FormElement>

                                            <form:FormElement>
                                                <form:label>
                                                    <Label text="Planta" />
                                                </form:label>
                                                <form:fields>
                                                    <Input 
                                                        value="{CDPTA}" 
                                                        editable="false" 
                                                        description="{DESCR}"
                                                        tooltip="{DESCR}" /> 
                                                </form:fields>
                                            </form:FormElement>
                                            <form:FormElement>
                                                <form:label>
                                                    <Label text="Centro" />
                                                </form:label>
                                                <form:fields>
                                                    <Input 
                                                        value="{WERKS}" 
                                                        description="{NAME3}" 
                                                        editable="false"
                                                        tooltip="{NAME3}" />
                                                </form:fields>
                                            </form:FormElement>

                                            <form:FormElement>
                                                <form:label>
                                                    <Label text="Almacén" />
                                                </form:label>
                                                <form:fields>
                                                    <Input 
                                                        value="{CDALM}" 
                                                        description="{DSALM}" 
                                                        editable="false" 
                                                        tooltip="{DSALM}"/>
                                                </form:fields>
                                            </form:FormElement>
                                            <form:FormElement>
                                                <form:label>
                                                    <Label text="Almacén externo" />
                                                </form:label>
                                                <form:fields>
                                                    <Input value="{LGORT}" editable="false" />
                                                </form:fields>
                                            </form:FormElement>

                                            <form:FormElement>
                                                <form:label>
                                                    <Label text="Embarcación" />
                                                </form:label>
                                                <form:fields>
                                                    <Input 
                                                        value="{CDEMB}" 
                                                        editable="false" 
                                                        description="{NMEMB}"
                                                        tooltip="{NMEMB}"/>
                                                </form:fields>
                                            </form:FormElement>

                                            <form:FormElement>
                                                <form:label>
                                                    <Label text="Matrícula" />
                                                </form:label>
                                                <form:fields>
                                                    <Input value="{MREMB}" editable="false" />
                                                </form:fields>
                                            </form:FormElement>
                                            <form:FormElement>
                                                <form:label>
                                                    <Label text="Indicador de propiedad" />
                                                </form:label>
                                                <form:fields>
                                                    <Input value="{DESC_INPRP}" editable="false" /> 
                                                </form:fields>
                                            </form:FormElement>
                                            <form:FormElement>
                                                <form:label>
                                                    <Label text="Armador comercial" />
                                                </form:label>
                                                <form:fields>
                                                    <Input value="{ARCMC}" editable="false" />
                                                </form:fields>
                                            </form:FormElement>
                                            <form:FormElement>
                                                <form:label>
                                                    <Label text="RUC armador comerc." />
                                                </form:label>
                                                <form:fields>
                                                    <Input value="{STCD1}" editable="false" />
                                                </form:fields>
                                            </form:FormElement>

                                        </form:formElements>
                                    </form:FormContainer>

                                    <form:FormContainer>
                                        <form:formElements>
                                            
                                            <form:FormElement>
                                                <form:label>
                                                    <Label text="Inicio de travesía" />
                                                </form:label>
                                                <form:fields>
                                                    <Input value="{FITVS}" editable="false" />
                                                </form:fields>
                                            </form:FormElement>

                                            <form:FormElement>
                                                <form:label>
                                                    <Label text="Fin de travesía" />
                                                </form:label>
                                                <form:fields>
                                                    <Input value="{FFTVS}" editable="false" />
                                                </form:fields>
                                            </form:FormElement>
                                            <form:FormElement>
                                                <form:label>
                                                    <Label text="Duración de travesía" />
                                                </form:label>
                                                <form:fields>
                                                    <Input value="{DRTVS}" editable="false" />
                                                </form:fields>
                                            </form:FormElement>
                                            <form:FormElement>
                                                <form:label>
                                                    <Label text="Nro tripulantes" />
                                                </form:label>
                                                <form:fields>
                                                    <Input value="{NRTRI}" editable="false" />
                                                </form:fields>
                                            </form:FormElement>

                                            <form:FormElement>
                                                <form:label>
                                                    <Label text="Cocinero" />
                                                </form:label>
                                                <form:fields>
                                                    <Input 
                                                        value="{DATOSMAESTRO>PERNR}" 
                                                        description="{DATOSMAESTRO>NMPER}"
                                                        tooltip="{DATOSMAESTRO>NMPER}" 
                                                        editable="false" />
                                                </form:fields>
                                            </form:FormElement>

                                            <form:FormElement>
                                                <form:label>
                                                    <Label text="Proveedor" />
                                                </form:label>
                                                <form:fields>
                                                    <Input 
                                                        value="{DATOSMAESTRO>CDPVE}" 
                                                        description="{DATOSMAESTRO>NAME2}" 
                                                        editable="false"
                                                        tooltip="{DATOSMAESTRO>NAME2}"  />
                                                </form:fields>
                                            </form:FormElement>

                                            <form:FormElement>
                                                <form:label>
                                                    <Label text="Nro. orden de compra" />
                                                </form:label>
                                                <form:fields>
                                                    <Input value="{DATOSMAESTRO>EBELN}" editable="false" />
                                                </form:fields>
                                            </form:FormElement>

                                            <form:FormElement>
                                                <form:label>
                                                    <Label text="Observaciones" />
                                                </form:label>
                                                <form:fields>
                                                    <TextArea value="{DATOSMAESTRO>OBVVI}" rows="3" editable="false" />
                                                </form:fields>
                                            </form:FormElement>

                                            <form:FormElement>
                                                <form:label>
                                                    <Label text="Importe de víveres incluido IGV S/." />
                                                </form:label>
                                                <form:fields>
                                                    <Input value="{DATOSMAESTRO>QTSUM}" editable="false" />
                                                </form:fields>
                                            </form:FormElement>
                                            <form:FormElement>
                                                <form:label>
                                                    <Label text="RUC proveedor" />
                                                </form:label>
                                                <form:fields>
                                                    <Input value="{DATOSMAESTRO>RUCCP}" editable="false" />
                                                </form:fields>
                                            </form:FormElement>

                                            <form:FormElement>
                                                <form:label>
                                                    <Label text="Nro. documento" />
                                                </form:label>
                                                <form:fields>
                                                    <Input value="{DATOSMAESTRO>BELNR}" editable="false" />
                                                </form:fields>
                                            </form:FormElement>

                                        </form:formElements>
                                    </form:FormContainer>
                                </form:formContainers>

                                <form:layout>
                                    <form:ResponsiveGridLayout
                                        adjustLabelSpan="true"
                                        breakpointL="1024"
                                        breakpointM="600"
                                        breakpointXL="1440"
                                        columnsL="2"
                                        columnsM="2"
                                        columnsXL="-1"
                                        emptySpanL="0"
                                        emptySpanM="0"
                                        emptySpanS="0"
                                        emptySpanXL="-1"
                                        labelSpanL="4"
                                        labelSpanM="3"
                                        labelSpanS="12"
                                        labelSpanXL="-1"
                                        singleContainerFullSize="true"/>
                                </form:layout>
                            </form:Form>
                        </content>
                    </IconTabFilter>
                    <IconTabFilter
                        icon="sap-icon://table-view"
                        key="02">
                        <content>
                            <Table
                                items="{/detailVale}">
                                <columns>
                                    <Column width="6rem">
                                        <Label text="Posición" />
                                    </Column>
                                    <Column demandPopin="true" minScreenWidth="Tablet" >
                                        <Label text="Fecha" />
                                    </Column>
                                
                                    <Column demandPopin="true" minScreenWidth="Tablet">
                                        <Label text="Suministro" />
                                    </Column>
                                
                                    <Column demandPopin="true" minScreenWidth="Tablet">
                                        <Label text="Ración" />
                                    </Column>

                                    <Column demandPopin="true" minScreenWidth="Tablet">
                                        <Label text="Fecha" />
                                    </Column>
                                
                                    <Column demandPopin="true" minScreenWidth="Tablet">
                                        <Label text="Unidad de medida" />
                                    </Column>
                            
                                    <Column demandPopin="true" minScreenWidth="Tablet">
                                        <Label text="Costo unitario" />
                                    </Column>
                                
                                    <Column demandPopin="true" minScreenWidth="Tablet">
                                        <Label text="Costo total" />
                                    </Column>
                                    <Column demandPopin="true" minScreenWidth="Tablet">
                                        <Label text="Observaciones" />
                                    </Column>
                                </columns>
                                <items>
                                    <ColumnListItem >
                                        <cells>
                                            <Text text="{NRPOS}"/>
                                            <Text text="{FECHA}"/>
                                            <Text text="{DSSUM}"/>
                                            <Text text="{CNRAC}"/>
                                            <Text text="{DSUMD}"/>
                                            <Text text="{CUSUM}"/>
                                            <Text text="{QTSUM}"/>
                                            <Text text="{OBPVA}"/>
                                        </cells>
                                    </ColumnListItem>
                                </items>
                            </Table>
                        </content>
                    </IconTabFilter>
                </items>
            </IconTabBar>
        </content>
        <beginButton>
            <Button text="Imprimir" icon="sap-icon://print" type="Emphasized" press="onPrintVale" />
        </beginButton>
        <endButton>
            <Button text="Cerrar" icon="sap-icon://decline" type="Reject" press="onClose"/>
        </endButton>
    </Dialog>
</core:FragmentDefinition>