{
  "controller/NotFound.controller.js": 1640871827440,
  "model/formatter.js": 1640871827447,
  "model/models.js": 1640871827447,
  "manifest.json": 1641563304870,
  "controller/Worklist.controller.js": 1641414603784,
  "controller/Utilities.js": 1641412811322,
  "controller/Object.controller.js": 1640871827442,
  "controller/Nuevo.controller.js": 1641563139022,
  "i18n/i18n.properties": 1640871827444,
  "controller/ErrorHandler.js": 1640871827440,
  "controller/BaseController.js": 1641413659264,
  "controller/App.controller.js": 1640871827439,
  "Component.js": 1640871827438,
  "manifest-bundle.zip": 1641563304896,
  "Component-preload.js": 1641563305915,
  "model/formatter-dbg.js": 1640871827447,
  "model/models-dbg.js": 1640871827447,
  "controller/Worklist-dbg.controller.js": 1641414603784,
  "controller/Utilities-dbg.js": 1641412811322,
  "controller/Object-dbg.controller.js": 1640871827442,
  "controller/Nuevo-dbg.controller.js": 1641563139022,
  "controller/NotFound-dbg.controller.js": 1640871827440,
  "controller/ErrorHandler-dbg.js": 1640871827440,
  "controller/BaseController-dbg.js": 1641413659264,
  "controller/App-dbg.controller.js": 1640871827439,
  "Component-dbg.js": 1640871827438,
  "view/fragments/BusqEmbarcacion.fragment.xml": 1640888346755,
  "view/Worklist.view.xml": 1641412723153,
  "view/Vivere.fragment.xml": 1640871827486,
  "view/ObjectNotFound.view.xml": 1640871827485,
  "view/Object.view.xml": 1640871827485,
  "view/Nuevo.view.xml": 1641562852284,
  "view/NotFound.view.xml": 1640871827483,
  "view/Embarcacion.fragment.xml": 1640871827483,
  "view/DlgArmador.fragment.xml": 1640871827482,
  "view/Detail.fragment.xml": 1640876078607,
  "view/App.view.xml": 1640871827481,
  "fragments/DetailVale.fragment.xml": 1640871827443,
  "test.html": 1640871827447,
  "index.html": 1640871827444
}