{
  "Component.js": 1640871827438,
  "controller/App.controller.js": 1640871827439,
  "model/models.js": 1640871827447,
  "model/formatter.js": 1640871827447,
  "controller/Worklist.controller.js": 1640893652980,
  "controller/Object.controller.js": 1640871827442,
  "controller/Nuevo.controller.js": 1640955976620,
  "controller/NotFound.controller.js": 1640871827440,
  "controller/ErrorHandler.js": 1640871827440,
  "controller/BaseController.js": 1640888353298,
  "manifest.json": 1640968089561,
  "i18n/i18n.properties": 1640871827444,
  "manifest-bundle.zip": 1640968089586,
  "Component-preload.js": 1640968090630,
  "controller/ErrorHandler-dbg.js": 1640871827440,
  "model/formatter-dbg.js": 1640871827447,
  "controller/Worklist-dbg.controller.js": 1640893652980,
  "controller/Object-dbg.controller.js": 1640871827442,
  "controller/Nuevo-dbg.controller.js": 1640955976620,
  "controller/NotFound-dbg.controller.js": 1640871827440,
  "model/models-dbg.js": 1640871827447,
  "controller/BaseController-dbg.js": 1640888353298,
  "controller/App-dbg.controller.js": 1640871827439,
  "Component-dbg.js": 1640871827438,
  "view/fragments/BusqEmbarcacion.fragment.xml": 1640888346755,
  "view/Worklist.view.xml": 1640885101042,
  "view/Vivere.fragment.xml": 1640871827486,
  "view/ObjectNotFound.view.xml": 1640871827485,
  "view/Object.view.xml": 1640871827485,
  "view/Nuevo.view.xml": 1640955999913,
  "view/NotFound.view.xml": 1640871827483,
  "view/Embarcacion.fragment.xml": 1640871827483,
  "view/DlgArmador.fragment.xml": 1640871827482,
  "view/Detail.fragment.xml": 1640876078607,
  "view/App.view.xml": 1640871827481,
  "fragments/DetailVale.fragment.xml": 1640871827443,
  "test.html": 1640871827447,
  "index.html": 1640871827444
}