{
  "controller/Object.controller.js": 1637365915805,
  "controller/Worklist.controller.js": 1637370974104,
  "model/models.js": 1637359284686,
  "model/formatter.js": 1637359284682,
  "manifest.json": 1637371988154,
  "i18n/i18n.properties": 1637365489048,
  "controller/NotFound.controller.js": 1637359284534,
  "controller/ErrorHandler.js": 1637361223341,
  "controller/BaseController.js": 1637359284489,
  "controller/App.controller.js": 1637371296018,
  "Component.js": 1637359284472,
  "manifest-bundle.zip": 1637371988193,
  "Component-preload.js": 1637371989047,
  "model/models-dbg.js": 1637359284686,
  "model/formatter-dbg.js": 1637359284682,
  "controller/Worklist-dbg.controller.js": 1637370974104,
  "controller/Object-dbg.controller.js": 1637365915805,
  "controller/NotFound-dbg.controller.js": 1637359284534,
  "controller/ErrorHandler-dbg.js": 1637361223341,
  "controller/BaseController-dbg.js": 1637359284489,
  "controller/App-dbg.controller.js": 1637371296018,
  "Component-dbg.js": 1637359284472,
  "view/Worklist.view.xml": 1637371367393,
  "view/ObjectNotFound.view.xml": 1637359285457,
  "view/Object.view.xml": 1637359285400,
  "view/NotFound.view.xml": 1637359285391,
  "view/App.view.xml": 1637359285380,
  "fragments/DetailVale.fragment.xml": 1637370799848,
  "test.html": 1637359285369,
  "index.html": 1637359284609
}