{
  "fragments/DetailVale.fragment.xml": 1637782193429,
  "controller/NotFound.controller.js": 1637782193427,
  "model/models.js": 1637782193436,
  "model/formatter.js": 1637782193436,
  "controller/Worklist.controller.js": 1640278853846,
  "controller/Object.controller.js": 1637782193428,
  "controller/Nuevo.controller.js": 1640261617831,
  "manifest.json": 1640613804790,
  "controller/ErrorHandler.js": 1637782193426,
  "controller/BaseController.js": 1637782193425,
  "controller/App.controller.js": 1637782193424,
  "Component.js": 1637782193422,
  "manifest-bundle.zip": 1640613804828,
  "Component-preload.js": 1640613805900,
  "controller/Nuevo-dbg.controller.js": 1640261617831,
  "model/formatter-dbg.js": 1637782193436,
  "controller/Worklist-dbg.controller.js": 1640278853846,
  "controller/Object-dbg.controller.js": 1637782193428,
  "model/models-dbg.js": 1637782193436,
  "controller/NotFound-dbg.controller.js": 1637782193427,
  "controller/ErrorHandler-dbg.js": 1637782193426,
  "controller/BaseController-dbg.js": 1637782193425,
  "controller/App-dbg.controller.js": 1637782193424,
  "Component-dbg.js": 1637782193422,
  "view/Worklist.view.xml": 1640289830259,
  "view/Vivere.fragment.xml": 1638316128174,
  "view/ObjectNotFound.view.xml": 1637782193463,
  "view/Object.view.xml": 1637782193462,
  "view/Nuevo.view.xml": 1640261616710,
  "view/NotFound.view.xml": 1637782193461,
  "view/Embarcacion.fragment.xml": 1638906688954,
  "view/DlgArmador.fragment.xml": 1638903625624,
  "view/Detail.fragment.xml": 1640259484133,
  "view/App.view.xml": 1637782193460,
  "i18n/i18n.properties": 1637782193433,
  "test.html": 1637782193437,
  "index.html": 1637782193433
}