{
  "controller/Worklist-dbg.controller.js": 1637782193428,
  "manifest.json": 1637783428227,
  "model/models.js": 1637782193436,
  "model/formatter.js": 1637782193436,
  "controller/Worklist.controller.js": 1637782193428,
  "controller/Object.controller.js": 1637782193428,
  "controller/NotFound.controller.js": 1637782193427,
  "controller/ErrorHandler.js": 1637782193426,
  "controller/BaseController.js": 1637782193425,
  "controller/App.controller.js": 1637782193424,
  "Component.js": 1637782193422,
  "manifest-bundle.zip": 1637783428263,
  "Component-preload.js": 1637783428987,
  "Component-dbg.js": 1637782193422,
  "model/formatter-dbg.js": 1637782193436,
  "i18n/i18n.properties": 1637782193433,
  "controller/Object-dbg.controller.js": 1637782193428,
  "controller/NotFound-dbg.controller.js": 1637782193427,
  "controller/ErrorHandler-dbg.js": 1637782193426,
  "controller/BaseController-dbg.js": 1637782193425,
  "controller/App-dbg.controller.js": 1637782193424,
  "model/models-dbg.js": 1637782193436,
  "view/Worklist.view.xml": 1637782193463,
  "view/ObjectNotFound.view.xml": 1637782193463,
  "view/Object.view.xml": 1637782193462,
  "view/NotFound.view.xml": 1637782193461,
  "view/App.view.xml": 1637782193460,
  "fragments/DetailVale.fragment.xml": 1637782193429,
  "test.html": 1637782193437,
  "index.html": 1637782193433
}