{
  "controller/Worklist-dbg.controller.js": 1637577425806,
  "controller/NotFound.controller.js": 1637577425774,
  "model/models.js": 1637577436202,
  "model/formatter.js": 1637577425935,
  "controller/Worklist.controller.js": 1637577425806,
  "controller/Object.controller.js": 1637577425790,
  "manifest.json": 1637773600201,
  "controller/ErrorHandler.js": 1637577425759,
  "controller/BaseController.js": 1637577425743,
  "controller/App.controller.js": 1637577425727,
  "Component.js": 1637577425712,
  "manifest-bundle.zip": 1637773600227,
  "Component-preload.js": 1637773600796,
  "controller/NotFound-dbg.controller.js": 1637577425774,
  "model/formatter-dbg.js": 1637577425935,
  "i18n/i18n.properties": 1637577425852,
  "controller/Object-dbg.controller.js": 1637577425790,
  "model/models-dbg.js": 1637577436202,
  "controller/ErrorHandler-dbg.js": 1637577425759,
  "controller/BaseController-dbg.js": 1637577425743,
  "controller/App-dbg.controller.js": 1637577425727,
  "Component-dbg.js": 1637577425712,
  "view/Worklist.view.xml": 1637577426638,
  "view/ObjectNotFound.view.xml": 1637577426607,
  "view/Object.view.xml": 1637577426607,
  "view/NotFound.view.xml": 1637577426576,
  "view/App.view.xml": 1637577426560,
  "fragments/DetailVale.fragment.xml": 1637593126588,
  "test.html": 1637577425980,
  "index.html": 1637577425852
}