{
  "controller/BaseController.js": 1637604227564,
  "controller/Worklist.controller.js": 1640656839329,
  "model/models.js": 1637604227579,
  "model/formatter.js": 1637604227578,
  "manifest.json": 1640661142823,
  "controller/Object.controller.js": 1637604227567,
  "controller/Nuevo.controller.js": 1640656839328,
  "controller/NotFound.controller.js": 1637604227566,
  "controller/ErrorHandler.js": 1637604227565,
  "i18n/i18n.properties": 1637604227572,
  "controller/App.controller.js": 1637604227563,
  "Component.js": 1637604227561,
  "manifest-bundle.zip": 1640661142857,
  "Component-preload.js": 1640661144054,
  "model/formatter-dbg.js": 1637604227578,
  "model/models-dbg.js": 1637604227579,
  "controller/Worklist-dbg.controller.js": 1640656839329,
  "controller/Object-dbg.controller.js": 1637604227567,
  "controller/Nuevo-dbg.controller.js": 1640656839328,
  "controller/NotFound-dbg.controller.js": 1637604227566,
  "controller/ErrorHandler-dbg.js": 1637604227565,
  "controller/BaseController-dbg.js": 1637604227564,
  "controller/App-dbg.controller.js": 1637604227563,
  "Component-dbg.js": 1637604227561,
  "view/Worklist.view.xml": 1640656839339,
  "view/Vivere.fragment.xml": 1640656839338,
  "view/ObjectNotFound.view.xml": 1637604227635,
  "view/Object.view.xml": 1637604227634,
  "view/Nuevo.view.xml": 1640656839337,
  "view/NotFound.view.xml": 1637604227631,
  "view/Embarcacion.fragment.xml": 1640656839336,
  "view/DlgArmador.fragment.xml": 1640656839333,
  "view/Detail.fragment.xml": 1640656839332,
  "view/App.view.xml": 1637604227630,
  "fragments/DetailVale.fragment.xml": 1637604227570,
  "test.html": 1637604227579,
  "index.html": 1637604227573
}