{
  "controller/ErrorHandler-dbg.js": 1642017044423,
  "controller/App.controller.js": 1642017044423,
  "model/models.js": 1642017044427,
  "model/formatter.js": 1642017044427,
  "controller/Worklist.controller.js": 1642018552849,
  "controller/Utilities.js": 1642017044425,
  "controller/Object.controller.js": 1642017044425,
  "controller/Nuevo.controller.js": 1642017044424,
  "controller/NotFound.controller.js": 1642017044424,
  "controller/ErrorHandler.js": 1642017044423,
  "controller/BaseController.js": 1642017044423,
  "manifest.json": 1642020658850,
  "Component.js": 1642017044423,
  "manifest-bundle.zip": 1642020658860,
  "Component-preload.js": 1642020659544,
  "controller/Worklist-dbg.controller.js": 1642018552849,
  "model/formatter-dbg.js": 1642017044427,
  "model/models-dbg.js": 1642017044427,
  "controller/Utilities-dbg.js": 1642017044425,
  "controller/Object-dbg.controller.js": 1642017044425,
  "controller/Nuevo-dbg.controller.js": 1642017044424,
  "controller/NotFound-dbg.controller.js": 1642017044424,
  "i18n/i18n.properties": 1642017044426,
  "controller/BaseController-dbg.js": 1642017044423,
  "controller/App-dbg.controller.js": 1642017044423,
  "Component-dbg.js": 1642017044423,
  "view/fragments/BusqEmbarcacion.fragment.xml": 1642017044435,
  "view/Worklist.view.xml": 1642018422167,
  "view/Vivere.fragment.xml": 1642017044435,
  "view/ObjectNotFound.view.xml": 1642017044435,
  "view/Object.view.xml": 1642017044434,
  "view/Nuevo.view.xml": 1642017044434,
  "view/NotFound.view.xml": 1642017044434,
  "view/Embarcacion.fragment.xml": 1642017044434,
  "view/DlgArmador.fragment.xml": 1642017044434,
  "view/Detail.fragment.xml": 1642017044433,
  "view/App.view.xml": 1642017044433,
  "fragments/DetailVale.fragment.xml": 1642017044426,
  "test.html": 1642017044427,
  "index.html": 1642017044426
}