{
  "i18n/i18n.properties": 1641576970973,
  "controller/Object.controller.js": 1641576970972,
  "model/models.js": 1641576970974,
  "model/formatter.js": 1641576970974,
  "controller/Worklist.controller.js": 1641576970972,
  "controller/Utilities.js": 1641576970972,
  "manifest.json": 1641577341482,
  "controller/Nuevo.controller.js": 1641576970972,
  "controller/NotFound.controller.js": 1641576970971,
  "controller/ErrorHandler.js": 1641576970971,
  "controller/BaseController.js": 1641576970971,
  "controller/App.controller.js": 1641576970971,
  "Component.js": 1641576970971,
  "manifest-bundle.zip": 1641577341495,
  "Component-preload.js": 1641577342265,
  "controller/BaseController-dbg.js": 1641576970971,
  "model/formatter-dbg.js": 1641576970974,
  "controller/Worklist-dbg.controller.js": 1641576970972,
  "controller/Utilities-dbg.js": 1641576970972,
  "controller/Object-dbg.controller.js": 1641576970972,
  "controller/Nuevo-dbg.controller.js": 1641576970972,
  "controller/NotFound-dbg.controller.js": 1641576970971,
  "controller/ErrorHandler-dbg.js": 1641576970971,
  "model/models-dbg.js": 1641576970974,
  "controller/App-dbg.controller.js": 1641576970971,
  "Component-dbg.js": 1641576970971,
  "view/fragments/BusqEmbarcacion.fragment.xml": 1641576970981,
  "view/Worklist.view.xml": 1641574379095,
  "view/Vivere.fragment.xml": 1641576970981,
  "view/ObjectNotFound.view.xml": 1641576970981,
  "view/Object.view.xml": 1641576970981,
  "view/Nuevo.view.xml": 1641576970981,
  "view/NotFound.view.xml": 1641576970980,
  "view/Embarcacion.fragment.xml": 1641576970980,
  "view/DlgArmador.fragment.xml": 1641576970980,
  "view/Detail.fragment.xml": 1641576970980,
  "view/App.view.xml": 1641576970979,
  "fragments/DetailVale.fragment.xml": 1641576970973,
  "test.html": 1641576970974,
  "index.html": 1641576970973
}